t,investment_return,fund_value,shortfall,tvog
0,0.0,19000.0,0.0,9060.477002791238
1,0.042809857725347324,38813.38729678154,0.0,9332.29131287497
2,0.04008996395716912,59367.56994436621,0.0,9612.260052261232
3,0.04275685255380722,80911.44921150248,0.0,9900.627853829066
4,0.04109123420514101,103275.77133702356,0.0,10197.64668944393
5,0.040082158358539025,107428.24130901288,10503.576090127255,10503.576090127255
