t,investment_return,fund_value,shortfall,tvog
0,0.0,9000.0,0.0,0.0
1,0.04045169482566889,18364.065253431017,0.0,0.0
2,0.04062526394738266,28111.605973527392,0.0,0.0
3,0.03910561176800133,38215.02203601073,0.0,0.0
4,0.04023631505574432,48764.77003149606,0.0,0.0
5,0.037916226967417165,50587.90540429416,0.0,0.0
