t,investment_return,fund_value,shortfall,tvog
0,0.0,19000.0,0.0,2775.747968406937
1,0.04452989409701836,38846.067987843315,0.0,2859.020407459148
2,0.04454576690756395,59581.07226633062,0.0,2944.79101968292
3,0.03947148785482412,80915.5565389367,0.0,3033.1347502734097
4,0.04314241873713465,103423.91720534784,0.0,3124.12879278161
5,0.03885187581717536,107515.07848927786,3217.8526565650604,3217.8526565650604
