t,investment_return,fund_value,shortfall,tvog
0,0.0,19000.0,0.0,8752.906000724126
1,0.03765009357632922,38715.35177795024,0.0,9015.493180745852
2,0.039190666267582906,59223.79059873655,0.0,9285.957976168238
3,0.04400568631237748,80827.77055669877,0.0,9564.53671545329
4,0.04053643994826066,103101.32915554254,0.0,9851.472816916872
5,0.03787966685986993,107008.26058324022,10147.017001424385,10147.017001424385
