t,investment_return,fund_value,shortfall,tvog
0,0.0,19000.0,0.0,9258.320688594626
1,0.04452989409701836,38846.067987843315,0.0,9536.070309252473
2,0.04454576690756395,59581.07226633062,0.0,9822.152418530044
3,0.03947148785482412,80915.5565389367,0.0,10116.816991085927
4,0.04314241873713465,103423.91720534784,0.0,10420.321500818513
5,0.03885187581717536,107515.07848927786,10732.931145843073,10732.931145843073
