t,investment_return,fund_value,shortfall,tvog
0,0.0,19000.0,0.0,9079.497582902322
1,0.04690262173093735,38891.14981288778,0.0,9351.882510389385
2,0.0415090445514528,59500.62926944193,0.0,9632.438985701072
3,0.038279568106755625,80775.46387877129,0.0,9921.412155272088
4,0.043896489038765564,103317.52955761993,0.0,10219.054519930267
5,0.03958312185236261,107417.55318098355,10525.626155528167,10525.626155528167
